id;name;description;date_start;date_end;date_created;date_last_updated;created_by;last_updated_by;total_response_count
1;benchmark Yuan Renminbi;South Carolina Oregon;2020-07-03T23:18:27;2020-07-04T00:13:09;2020-07-03T22:37:17;2020-07-04T02:28:09;backing up Falls;Bedfordshire Plastic;95391
2;JBOD circuit;Frozen solution;2020-07-04T13:36:45;2020-07-03T20:10:47;2020-07-04T15:46:04;2020-07-04T16:44:14;Kiribati;Networked overriding Guyana Dollar;5698
3;Agent;Course Investment Account haptic;2020-07-04T04:13:55;2020-07-04T15:58:52;2020-07-04T02:22:23;2020-07-04T09:40:59;intangible;facilitate Pizza;16784
4;Home Loan Account Ergonomic Electronics;Generic Plastic Sausages;2020-07-04T01:05:17;2020-07-04T07:59:16;2020-07-04T02:37:03;2020-07-04T04:49:16;Games challenge;Plastic PCI;76700
5;black Internal;Metal global;2020-07-04T02:18:05;2020-07-04T01:06:40;2020-07-03T19:53:51;2020-07-03T22:22:47;leading edge;matrix;2615
6;International;Soft;2020-07-03T20:05:11;2020-07-04T07:44:04;2020-07-04T12:08:09;2020-07-04T08:27:32;concept Integrated enhance;context-sensitive;79835
7;clear-thinking Ohio Rubber;withdrawal Practical Rubber Chips;2020-07-03T20:34:03;2020-07-04T09:31:35;2020-07-04T16:56:33;2020-07-04T17:44:54;El Salvador Colon US Dollar calculate holistic;Metal ADP withdrawal;96428
8;extend;Applications rich;2020-07-04T02:06:14;2020-07-03T19:48:13;2020-07-03T21:07:15;2020-07-04T05:00:53;engage Malagasy Ariary Investment Account;parsing Orchestrator;72992
9;TCP;THX array;2020-07-04T16:03:40;2020-07-04T16:07:00;2020-07-04T14:54:06;2020-07-03T22:42:06;Integration Baby Togo;SMTP;52614
10;panel cross-platform;secured line West Virginia Buckinghamshire;2020-07-03T23:16:19;2020-07-04T01:38:17;2020-07-03T23:23:16;2020-07-03T19:10:32;compress;RSS maximize indexing;32201
